Program Level,Area of Study,Special Requirements,Course,Course URL,University,Duration,Open Semesters,Closed Semesters,Speciality,Rankings,Yearly Tuition Fee,Application Fee
UG + PG (Accelerated Degree),Law,"PTE, TOEFL iBT, IELTS, DET, Without English Proficiency, Without GRE, Without GMAT, Scholarship Available",Bachelor of Laws LLB (Hons) (Accelerated),https://www.coursefinder.ai/SearchProgram/CourseDetail?uid=MTI0MTI3&year=2026,University of Hertfordshire,24 Month(s),Sep,,"assignment_turned_in
MOI Acceptable, paid
Scholarship Available, mintmark
Low Tuition Deposit","76 in US News Ranking, 59 in Webometrics Ranking of United Kingdom National",,No application fee
UG + PG (Accelerated Degree),Law,"PTE, TOEFL iBT, IELTS, Without English Proficiency, Without GRE, Without GMAT, Without Maths, Scholarship Available",LLB Common Law (Graduate Entry),https://www.coursefinder.ai/SearchProgram/CourseDetail?uid=MTQyNDgx&year=2026,University of Glasgow,24 Month(s),Sep,,"workspace_premium
Russel Group Universities (UK), mintmark
Low Tuition Deposit, voice_over_off
No Interview Required","7 in US News Ranking, 78 in QS World Ranking, 11 in Webometrics Ranking of United Kingdom National",,GBP 28.95
UG + PG (Accelerated Degree),Law,"PTE, TOEFL iBT, IELTS, DET, Without English Proficiency, Without GRE, Without GMAT, Scholarship Available",LLB Law Accelerated Programme,https://www.coursefinder.ai/SearchProgram/CourseDetail?uid=MTUyNzY4&year=2026,University of Southampton,24 Month(s),Sep,,"workspace_premium
Russel Group Universities (UK), assignment_turned_in
MOI Acceptable, mintmark
Low Tuition Deposit","14 in US News Ranking, 80 in QS World Ranking, 23 in Webometrics Ranking of United Kingdom National",,GBP 28.95
UG + PG (Accelerated Degree),Law,"PTE, TOEFL iBT, IELTS, DET, Without English Proficiency, Without GRE, Without GMAT, Scholarship Available",LLB Law Accelerated Programme JD Pathway,https://www.coursefinder.ai/SearchProgram/CourseDetail?uid=MTUyNzY5&year=2026,University of Southampton,24 Month(s),Sep,,"workspace_premium
Russel Group Universities (UK), assignment_turned_in
MOI Acceptable, mintmark
Low Tuition Deposit","14 in US News Ranking, 80 in QS World Ranking, 23 in Webometrics Ranking of United Kingdom National",,GBP 28.95
UG + PG (Accelerated Degree),Law,"PTE, TOEFL iBT, IELTS, Without English Proficiency, Without GRE, Without GMAT, Without Maths, Scholarship Available",LLB (Hons) Law Senior Status,https://www.coursefinder.ai/SearchProgram/CourseDetail?uid=NzYxOTM=&year=2026,Queen Mary University of London,24 Month(s),Sep,,"workspace_premium
Russel Group Universities (UK), dictionary
English Proficiency Exam Waiver, mintmark
Low Tuition Deposit","9 in US News Ranking, 120 in QS World Ranking, 16 in Webometrics Ranking of United Kingdom National",,GBP 28.95
UG + PG (Accelerated Degree),Law,"PTE, TOEFL iBT, IELTS, Without English Proficiency, Without GRE, Without GMAT, Without Maths, Scholarship Available, With 15 Years of Education",Graduate Entry Law LLB,https://www.coursefinder.ai/SearchProgram/CourseDetail?uid=MTg1MjY4&year=2026,"City St George's, University of London",24 Month(s),Sep,,"attractions
Major City, mintmark
Low Tuition Deposit, voice_over_off
No Interview Required","66 in US News Ranking, 352 in QS World Ranking, 48 in Webometrics Ranking of United Kingdom National",,No application fee
UG + PG (Accelerated Degree),Education,"PTE, TOEFL iBT, IELTS, Without English Proficiency, Without GRE, Without GMAT, Without Maths, Scholarship Available",BA(Hons) Primary Education Studies (Non QTS Accelerated Degree),https://www.coursefinder.ai/SearchProgram/CourseDetail?uid=MTQzOTMw&year=2026,University of Huddersfield,24 Month(s),Sep,,"speed
Faster Offer TAT, savings
Affordable University, voice_over_off
No Interview Required","76 in US News Ranking, 63 in Webometrics Ranking of United Kingdom National",,No application fee
UG + PG (Accelerated Degree),Computer Science and Information Technology,"PTE, TOEFL iBT, IELTS, Without English Proficiency, Without GRE, Without GMAT, Scholarship Available",BSc (Hons) Cloud Computing (Accelerated),https://www.coursefinder.ai/SearchProgram/CourseDetail?uid=MTc1NzQ4&year=2026,CU (Coventry),24 Month(s),"Sep, Nov, Mar, Jun, May",Jan,"how_to_reg
High Offer Acceptance Rate, dictionary
English Proficiency Exam Waiver, savings
Affordable University","72 in US News Ranking, 51 in Webometrics Ranking of United Kingdom National",,No application fee
UG + PG (Accelerated Degree),"Commerce, Business and Administration","PTE, TOEFL iBT, IELTS, Without English Proficiency, Without GRE, Without GMAT, Scholarship Available",BA (Hons) Business Management (Accelerated),https://www.coursefinder.ai/SearchProgram/CourseDetail?uid=MTE4ODAz&year=2026,Nottingham Trent University,36 Month(s),Sep,,"dictionary
English Proficiency Exam Waiver, assignment
Uni has own English Test, voice_over_off
No Interview Required","45 in US News Ranking, 47 in Webometrics Ranking of United Kingdom National",,No application fee
UG + PG (Accelerated Degree),Health,"IELTS, Without GRE, Without GMAT, Without Maths",Occupational Therapy (Pre-Registration) MSc (Accelerated),https://www.coursefinder.ai/SearchProgram/CourseDetail?uid=MTMwNzM4&year=2026,University of Brighton,24 Month(s),Sep,,"speed
Faster Offer TAT, paid
Scholarship Available, mintmark
Low Tuition Deposit","67 in US News Ranking, 64 in Webometrics Ranking of United Kingdom National",,No application fee
UG + PG (Accelerated Degree),Education,"PTE, TOEFL iBT, IELTS, Without English Proficiency, Without GRE, Without GMAT, Without Maths, Scholarship Available",BA (Hons)Primary Education (Accelerated Degree),https://www.coursefinder.ai/SearchProgram/CourseDetail?uid=MzQ1OTE=&year=2026,Leeds Beckett University,24 Month(s),Aug,,"speed
Faster Offer TAT, dictionary
English Proficiency Exam Waiver, savings
Affordable University","89 in US News Ranking, 87 in Webometrics Ranking of United Kingdom National",,No application fee
UG + PG (Accelerated Degree),Education,"PTE, TOEFL iBT, IELTS, Without English Proficiency, Without GRE, Without GMAT, Scholarship Available",BA (Hons) Primary Education Studies (2 Years Accelarated),https://www.coursefinder.ai/SearchProgram/CourseDetail?uid=MTc0ODQ4&year=2026,"Anglia Ruskin University, Peterborough",24 Month(s),Sep,,"speed
Faster Offer TAT, assignment
Uni has own English Test, dictionary
English Proficiency Exam Waiver","54 in US News Ranking, 76 in Webometrics Ranking of United Kingdom National",,No application fee
UG + PG (Accelerated Degree),Education,"IELTS, Without English Proficiency, Without GRE, Without GMAT, Without Maths, Scholarship Available",BA (Hons) Primary Education Studies (2 years accelerated),https://www.coursefinder.ai/SearchProgram/CourseDetail?uid=MTczMjY2&year=2026,"Anglia Ruskin University, Cambridge",24 Month(s),Sep,,"speed
Faster Offer TAT, assignment
Uni has own English Test, dictionary
English Proficiency Exam Waiver","54 in US News Ranking, 76 in Webometrics Ranking of United Kingdom National",,No application fee
UG + PG (Accelerated Degree),Education,"IELTS, Without English Proficiency, Without GRE, Without GMAT, Without Maths, Scholarship Available",BA (Hons) Primary Education Studies (2 years accelerated),https://www.coursefinder.ai/SearchProgram/CourseDetail?uid=MTcyOTMz&year=2026,"Anglia Ruskin University, Chelmsford",24 Month(s),Sep,,"speed
Faster Offer TAT, assignment
Uni has own English Test, dictionary
English Proficiency Exam Waiver","54 in US News Ranking, 76 in Webometrics Ranking of United Kingdom National",,No application fee
UG + PG (Accelerated Degree),"Commerce, Business and Administration","IELTS, Without English Proficiency, Without GRE, Without GMAT, Without Maths, Scholarship Available",BSc (Hons) Business Management (2 years accelerated),https://www.coursefinder.ai/SearchProgram/CourseDetail?uid=MTczMTQ3&year=2026,"Anglia Ruskin University, Cambridge",24 Month(s),Sep,,"speed
Faster Offer TAT, assignment
Uni has own English Test, dictionary
English Proficiency Exam Waiver","54 in US News Ranking, 76 in Webometrics Ranking of United Kingdom National",,No application fee
UG + PG (Accelerated Degree),"Commerce, Business and Administration","IELTS, Without English Proficiency, Without GRE, Without GMAT, Without Maths, Scholarship Available",BSc (Hons) Business with Entrepreneurship (2 years accelerated),https://www.coursefinder.ai/SearchProgram/CourseDetail?uid=MTczMDMw&year=2026,"Anglia Ruskin University, Cambridge",24 Month(s),Sep,,"speed
Faster Offer TAT, assignment
Uni has own English Test, dictionary
English Proficiency Exam Waiver","54 in US News Ranking, 76 in Webometrics Ranking of United Kingdom National",,No application fee
UG + PG (Accelerated Degree),"Commerce, Business and Administration","IELTS, Without English Proficiency, Without GRE, Without GMAT, Without Maths, Scholarship Available",BSc (Hons) Business with Events Management (2 years accelerated),https://www.coursefinder.ai/SearchProgram/CourseDetail?uid=MTczMTUy&year=2026,"Anglia Ruskin University, Cambridge",24 Month(s),Sep,,"speed
Faster Offer TAT, assignment
Uni has own English Test, dictionary
English Proficiency Exam Waiver","54 in US News Ranking, 76 in Webometrics Ranking of United Kingdom National",,No application fee
UG + PG (Accelerated Degree),"Commerce, Business and Administration","IELTS, Without English Proficiency, Without GRE, Without GMAT, Without Maths, Scholarship Available",BSc (Hons) Business with Marketing (2 years accelerated),https://www.coursefinder.ai/SearchProgram/CourseDetail?uid=MTczMTU3&year=2026,"Anglia Ruskin University, Cambridge",24 Month(s),Sep,,"speed
Faster Offer TAT, assignment
Uni has own English Test, dictionary
English Proficiency Exam Waiver","54 in US News Ranking, 76 in Webometrics Ranking of United Kingdom National",,No application fee
UG + PG (Accelerated Degree),"Commerce, Business and Administration","IELTS, Without English Proficiency, Without GRE, Without GMAT, Without Maths, Scholarship Available",BSc (Hons) Business with Tourism Management (2 years accelerated),https://www.coursefinder.ai/SearchProgram/CourseDetail?uid=MTczMTU4&year=2026,"Anglia Ruskin University, Cambridge",24 Month(s),Sep,,"speed
Faster Offer TAT, assignment
Uni has own English Test, dictionary
English Proficiency Exam Waiver","54 in US News Ranking, 76 in Webometrics Ranking of United Kingdom National",,No application fee
UG + PG (Accelerated Degree),"Commerce, Business and Administration","IELTS, Without English Proficiency, Without GRE, Without GMAT, Without Maths, Scholarship Available",BSc (Hons) International Business Management (Accelerated),https://www.coursefinder.ai/SearchProgram/CourseDetail?uid=MTczMDkx&year=2026,"Anglia Ruskin University, Cambridge",24 Month(s),Sep,,"speed
Faster Offer TAT, assignment
Uni has own English Test, dictionary
English Proficiency Exam Waiver","54 in US News Ranking, 76 in Webometrics Ranking of United Kingdom National",,No application fee
UG + PG (Accelerated Degree),Law,"PTE, TOEFL iBT, IELTS, Without English Proficiency, Without GRE, Without GMAT, Without Maths, Scholarship Available",LLB (Hons) Law Accelerated Route,https://www.coursefinder.ai/SearchProgram/CourseDetail?uid=NjI3NTQ=&year=2026,University of South Wales,24 Month(s),Sep,,"speed
Faster Offer TAT, dictionary
English Proficiency Exam Waiver, restore_page
Higher Backlog Acceptance","90 in US News Ranking, 99 in Webometrics Ranking of United Kingdom National",,No application fee
UG + PG (Accelerated Degree),Arts,"PTE, TOEFL iBT, IELTS, Without English Proficiency, Without GRE, Without GMAT, Without Maths, Scholarship Available",BA (Hons) Liberal Arts (Accelerated),https://www.coursefinder.ai/SearchProgram/CourseDetail?uid=MjA5MDY5&year=2026,"St. Mary's University Twickenham, London",24 Month(s),Sep,,"assignment
Uni has own English Test, paid
Scholarship Available, assignment_turned_in
MOI Acceptable",124 in Webometrics Ranking of United Kingdom National,,No application fee
UG + PG (Accelerated Degree),Personal Services,"PTE, TOEFL iBT, IELTS, Without English Proficiency, Without GRE, Without GMAT, Without Maths, Scholarship Available",BSc (Hons) Sports Performance Analysis and Talent Identification,https://www.coursefinder.ai/SearchProgram/CourseDetail?uid=MTg1NjAx&year=2026,"St. Mary's University Twickenham, London",24 Month(s),,Sep,"assignment
Uni has own English Test, paid
Scholarship Available, assignment_turned_in
MOI Acceptable",124 in Webometrics Ranking of United Kingdom National,,No application fee
UG + PG (Accelerated Degree),Law,"PTE, TOEFL iBT, IELTS, Without English Proficiency, Without GRE, Without GMAT, Scholarship Available",LLB Law (Accelerated),https://www.coursefinder.ai/SearchProgram/CourseDetail?uid=MTY3NjE3&year=2026,University of Law (Birmingham),24 Month(s),Sep,,"assignment
Uni has own English Test, paid
Scholarship Available, assignment_turned_in
MOI Acceptable",154 in Webometrics Ranking of United Kingdom National,,No application fee
UG + PG (Accelerated Degree),Law,"PTE, TOEFL iBT, IELTS, Without English Proficiency, Without GRE, Without GMAT, Scholarship Available",LLB Law (Accelerated),https://www.coursefinder.ai/SearchProgram/CourseDetail?uid=MTY3NzA2&year=2026,University of Law (Manchester),24 Month(s),Sep,,"assignment
Uni has own English Test, paid
Scholarship Available, assignment_turned_in
MOI Acceptable",154 in Webometrics Ranking of United Kingdom National,,No application fee
UG + PG (Accelerated Degree),Law,"PTE, TOEFL iBT, IELTS, Without English Proficiency, Without GRE, Without GMAT, Scholarship Available",LLB Law (Accelerated),https://www.coursefinder.ai/SearchProgram/CourseDetail?uid=MTY3ODYy&year=2026,University of Law (Leeds),24 Month(s),Sep,,"assignment
Uni has own English Test, paid
Scholarship Available, assignment_turned_in
MOI Acceptable",154 in Webometrics Ranking of United Kingdom National,,No application fee
UG + PG (Accelerated Degree),Law,"PTE, TOEFL iBT, IELTS, Without English Proficiency, Without GRE, Without GMAT, Scholarship Available",LLB Law (Accelerated),https://www.coursefinder.ai/SearchProgram/CourseDetail?uid=MTY3OTE4&year=2026,"University of Law (London, Bloomsbury)",24 Month(s),Sep,,"assignment
Uni has own English Test, paid
Scholarship Available, assignment_turned_in
MOI Acceptable",154 in Webometrics Ranking of United Kingdom National,,No application fee
UG + PG (Accelerated Degree),"Commerce, Business and Administration","IELTS, Without GRE, Without GMAT, Without Maths, Application Fee Waiver (upto 100%)",BSc (Hons) Accounting and Finance (accelerated),https://www.coursefinder.ai/SearchProgram/CourseDetail?uid=MTE1Njg0&year=2026,BPP University,24 Month(s),,"Sep, Jan","dictionary
English Proficiency Exam Waiver, savings
Affordable University, assignment_turned_in
MOI Acceptable",160 in Webometrics Ranking of United Kingdom National,,No application fee
UG + PG (Accelerated Degree),"Commerce, Business and Administration","PTE, TOEFL iBT, IELTS, Without GRE, Without GMAT, Application Fee Waiver (upto 100%)",(BA) Hons Accounting and Business Management (Accelerated),https://www.coursefinder.ai/SearchProgram/CourseDetail?uid=MTUwMjY4&year=2026,(NAVITAS) University Academy 92,24 Month(s),"Sep, Jan, Apr",,"speed
Faster Offer TAT, how_to_reg
High Offer Acceptance Rate, dictionary
English Proficiency Exam Waiver",,,No application fee
UG + PG (Accelerated Degree),"Commerce, Business and Administration","PTE, TOEFL iBT, IELTS, Without GRE, Without GMAT, Application Fee Waiver (upto 100%)",(BA) Hons Accounting and Financial Management (Accelerated),https://www.coursefinder.ai/SearchProgram/CourseDetail?uid=MTUwMjY5&year=2026,(NAVITAS) University Academy 92,24 Month(s),"Sep, Jan, Apr",,"speed
Faster Offer TAT, how_to_reg
High Offer Acceptance Rate, dictionary
English Proficiency Exam Waiver",,,No application fee
UG + PG (Accelerated Degree),"Commerce, Business and Administration","PTE, TOEFL iBT, IELTS, Without GRE, Without GMAT, Application Fee Waiver (upto 100%)",(BA) Hons Business Management (Accelerated),https://www.coursefinder.ai/SearchProgram/CourseDetail?uid=MTUwMjcw&year=2026,(NAVITAS) University Academy 92,24 Month(s),"Sep, Jan, Apr",,"speed
Faster Offer TAT, how_to_reg
High Offer Acceptance Rate, dictionary
English Proficiency Exam Waiver",,,No application fee
UG + PG (Accelerated Degree),Education,"PTE, TOEFL iBT, IELTS, Without GRE, Without GMAT, Application Fee Waiver (upto 100%)",(BA) Hons Physical Education (Accelerated),https://www.coursefinder.ai/SearchProgram/CourseDetail?uid=MTUwMjc0&year=2026,(NAVITAS) University Academy 92,24 Month(s),"Sep, Jan, Apr",,"speed
Faster Offer TAT, how_to_reg
High Offer Acceptance Rate, dictionary
English Proficiency Exam Waiver",,,No application fee
UG + PG (Accelerated Degree),"Commerce, Business and Administration","PTE, TOEFL iBT, IELTS, Without GRE, Without GMAT, Without Maths, Scholarship Available",(BA) Hons Sports Events Management (Accelerated),https://www.coursefinder.ai/SearchProgram/CourseDetail?uid=MTY2NjU3&year=2026,(NAVITAS) University Academy 92,24 Month(s),"Sep, Jan, Apr",,"speed
Faster Offer TAT, how_to_reg
High Offer Acceptance Rate, dictionary
English Proficiency Exam Waiver",,,No application fee
UG + PG (Accelerated Degree),Personal Services,"PTE, TOEFL iBT, IELTS, Without GRE, Without GMAT, Application Fee Waiver (upto 100%)",(BA) Hons Sports Journalism (Accelerated),https://www.coursefinder.ai/SearchProgram/CourseDetail?uid=MTUwMjc2&year=2026,(NAVITAS) University Academy 92,24 Month(s),"Sep, Jan, Apr",,"speed
Faster Offer TAT, how_to_reg
High Offer Acceptance Rate, dictionary
English Proficiency Exam Waiver",,,No application fee
UG + PG (Accelerated Degree),Personal Services,"PTE, TOEFL iBT, IELTS, Without GRE, Without GMAT, Application Fee Waiver (upto 100%)",(BA) Hons Sports Management (Accelerated),https://www.coursefinder.ai/SearchProgram/CourseDetail?uid=MTUwMjc3&year=2026,(NAVITAS) University Academy 92,24 Month(s),"Sep, Jan, Apr",,"speed
Faster Offer TAT, how_to_reg
High Offer Acceptance Rate, dictionary
English Proficiency Exam Waiver",,,No application fee
UG + PG (Accelerated Degree),Personal Services,"PTE, TOEFL iBT, IELTS, Without GRE, Without GMAT, Application Fee Waiver (upto 100%)",(BA) Hons Sports Media and Communications (Accelerated),https://www.coursefinder.ai/SearchProgram/CourseDetail?uid=MTUwMjc4&year=2026,(NAVITAS) University Academy 92,24 Month(s),"Sep, Jan, Apr",,"speed
Faster Offer TAT, how_to_reg
High Offer Acceptance Rate, dictionary
English Proficiency Exam Waiver",,,No application fee
UG + PG (Accelerated Degree),Computer Science and Information Technology,"PTE, TOEFL iBT, IELTS, Without GRE, Without GMAT, Application Fee Waiver (upto 100%)",(BSc) Hons Computer Science (Accelerated),https://www.coursefinder.ai/SearchProgram/CourseDetail?uid=MTUwMjcx&year=2026,(NAVITAS) University Academy 92,24 Month(s),"Sep, Jan, Apr",,"speed
Faster Offer TAT, how_to_reg
High Offer Acceptance Rate, dictionary
English Proficiency Exam Waiver",,,No application fee
UG + PG (Accelerated Degree),Computer Science and Information Technology,"PTE, TOEFL iBT, IELTS, Without GRE, Without GMAT, Application Fee Waiver (upto 100%)",(BSc) Hons Cyber Security (Accelerated),https://www.coursefinder.ai/SearchProgram/CourseDetail?uid=MTcwOTUx&year=2026,(NAVITAS) University Academy 92,24 Month(s),"Sep, Jan, Apr",,"speed
Faster Offer TAT, how_to_reg
High Offer Acceptance Rate, dictionary
English Proficiency Exam Waiver",,,No application fee
UG + PG (Accelerated Degree),"Health, Personal Services","PTE, TOEFL iBT, IELTS, Without GRE, Without GMAT, Application Fee Waiver (upto 100%)","(BSc) Hons Health, Exercise and Sport (Accelerated)",https://www.coursefinder.ai/SearchProgram/CourseDetail?uid=MTcwOTYz&year=2026,(NAVITAS) University Academy 92,24 Month(s),"Sep, Jan, Apr",,"speed
Faster Offer TAT, how_to_reg
High Offer Acceptance Rate, dictionary
English Proficiency Exam Waiver",,,No application fee
UG + PG (Accelerated Degree),Personal Services,"PTE, TOEFL iBT, IELTS, Without GRE, Without GMAT, Application Fee Waiver (upto 100%)",(BSc) Hons Sports and Exercise Science (Accelerated),https://www.coursefinder.ai/SearchProgram/CourseDetail?uid=MTUwMjc1&year=2026,(NAVITAS) University Academy 92,24 Month(s),"Sep, Jan, Apr",,"speed
Faster Offer TAT, how_to_reg
High Offer Acceptance Rate, dictionary
English Proficiency Exam Waiver",,,No application fee
UG + PG (Accelerated Degree),Personal Services,"PTE, TOEFL iBT, IELTS, Without GRE, Without GMAT, Application Fee Waiver (upto 100%)",(BSc) Hons Sports Coaching (Accelerated),https://www.coursefinder.ai/SearchProgram/CourseDetail?uid=MTcwOTU3&year=2026,(NAVITAS) University Academy 92,24 Month(s),"Sep, Jan, Apr",,"speed
Faster Offer TAT, how_to_reg
High Offer Acceptance Rate, dictionary
English Proficiency Exam Waiver",,,No application fee
PhD,,,PhD Materials Science and Engineering,https://www.coursefinder.ai/SearchProgram/CourseDetail?uid=MTc5Mjgz&year=2026,Sheffield Hallam University,48 Month(s),"Oct, Feb, May",,"paid
Scholarship Available, dictionary
English Proficiency Exam Waiver, mintmark
Low Tuition Deposit","82 in US News Ranking, 67 in Webometrics Ranking of United Kingdom National",,No application fee
PhD,,,PhD Media and Communications,https://www.coursefinder.ai/SearchProgram/CourseDetail?uid=MTgwMDc5&year=2026,Sheffield Hallam University,48 Month(s),"Oct, Feb, May",,"paid
Scholarship Available, dictionary
English Proficiency Exam Waiver, mintmark
Low Tuition Deposit","82 in US News Ranking, 67 in Webometrics Ranking of United Kingdom National",,No application fee
PhD,,,"PhD Sheffield Business School (Management, Finance, Service Sector)",https://www.coursefinder.ai/SearchProgram/CourseDetail?uid=MjA4NTcw&year=2026,Sheffield Hallam University,48 Month(s),"Oct, Feb, May",,"paid
Scholarship Available, dictionary
English Proficiency Exam Waiver, mintmark
Low Tuition Deposit","82 in US News Ranking, 67 in Webometrics Ranking of United Kingdom National",,No application fee
PhD,,,Clinical MD Professional Doctorate in General Internal Medicine,https://www.coursefinder.ai/SearchProgram/CourseDetail?uid=MTcxMDkw&year=2026,University of Hertfordshire,27 Month(s),Sep,,"assignment_turned_in
MOI Acceptable, paid
Scholarship Available, mintmark
Low Tuition Deposit","76 in US News Ranking, 59 in Webometrics Ranking of United Kingdom National",,No application fee
PhD,,,PhD Accounting and Finance,https://www.coursefinder.ai/SearchProgram/CourseDetail?uid=MTYxMTQw&year=2026,University of Bristol,48 Month(s),Sep,,"workspace_premium
Russel Group Universities (UK), assignment_turned_in
MOI Acceptable, voice_over_off
No Interview Required","11 in US News Ranking, 54 in QS World Ranking, 12 in Webometrics Ranking of United Kingdom National",,No application fee
PhD,,,PhD Aerospace Engineering,https://www.coursefinder.ai/SearchProgram/CourseDetail?uid=MTcyNjQ4&year=2026,University of Bristol,48 Month(s),Sep,,"workspace_premium
Russel Group Universities (UK), assignment_turned_in
MOI Acceptable, voice_over_off
No Interview Required","11 in US News Ranking, 54 in QS World Ranking, 12 in Webometrics Ranking of United Kingdom National",,No application fee
PhD,,,PhD Cellular and Molecular Medicine,https://www.coursefinder.ai/SearchProgram/CourseDetail?uid=MTU2Njk0&year=2026,University of Bristol,48 Month(s),Sep,,"workspace_premium
Russel Group Universities (UK), assignment_turned_in
MOI Acceptable, voice_over_off
No Interview Required","11 in US News Ranking, 54 in QS World Ranking, 12 in Webometrics Ranking of United Kingdom National",,No application fee
PhD,,,PhD Chemistry,https://www.coursefinder.ai/SearchProgram/CourseDetail?uid=MTU5Njk2&year=2026,University of Bristol,48 Month(s),Sep,,"workspace_premium
Russel Group Universities (UK), assignment_turned_in
MOI Acceptable, voice_over_off
No Interview Required","11 in US News Ranking, 54 in QS World Ranking, 12 in Webometrics Ranking of United Kingdom National",,No application fee
PhD,,,PhD Civil Engineering,https://www.coursefinder.ai/SearchProgram/CourseDetail?uid=MTU5Njk4&year=2026,University of Bristol,48 Month(s),Sep,,"workspace_premium
Russel Group Universities (UK), assignment_turned_in
MOI Acceptable, voice_over_off
No Interview Required","11 in US News Ranking, 54 in QS World Ranking, 12 in Webometrics Ranking of United Kingdom National",,No application fee
PhD,,,PhD Computer Science,https://www.coursefinder.ai/SearchProgram/CourseDetail?uid=MTU5Njk5&year=2026,University of Bristol,48 Month(s),Sep,,"workspace_premium
Russel Group Universities (UK), assignment_turned_in
MOI Acceptable, voice_over_off
No Interview Required","11 in US News Ranking, 54 in QS World Ranking, 12 in Webometrics Ranking of United Kingdom National",,No application fee
PhD,,,PhD Earth Sciences,https://www.coursefinder.ai/SearchProgram/CourseDetail?uid=MTU2Njcz&year=2026,University of Bristol,48 Month(s),Sep,,"workspace_premium
Russel Group Universities (UK), assignment_turned_in
MOI Acceptable, voice_over_off
No Interview Required","11 in US News Ranking, 54 in QS World Ranking, 12 in Webometrics Ranking of United Kingdom National",,No application fee
PhD,,,PhD History,https://www.coursefinder.ai/SearchProgram/CourseDetail?uid=MTc1NzQw&year=2026,University of Bristol,48 Month(s),"Sep, Jan",,"workspace_premium
Russel Group Universities (UK), assignment_turned_in
MOI Acceptable, voice_over_off
No Interview Required","11 in US News Ranking, 54 in QS World Ranking, 12 in Webometrics Ranking of United Kingdom National",,No application fee
PhD,,,PhD Innovation and Entrepreneurship,https://www.coursefinder.ai/SearchProgram/CourseDetail?uid=MjEyODg3&year=2026,University of Bristol,48 Month(s),Sep,,"workspace_premium
Russel Group Universities (UK), assignment_turned_in
MOI Acceptable, voice_over_off
No Interview Required","11 in US News Ranking, 54 in QS World Ranking, 12 in Webometrics Ranking of United Kingdom National",,No application fee
PhD,,,PhD Management,https://www.coursefinder.ai/SearchProgram/CourseDetail?uid=MTgyMTE5&year=2026,University of Bristol,48 Month(s),Sep,,"workspace_premium
Russel Group Universities (UK), assignment_turned_in
MOI Acceptable, voice_over_off
No Interview Required","11 in US News Ranking, 54 in QS World Ranking, 12 in Webometrics Ranking of United Kingdom National",,No application fee
PhD,,,PhD Mathematics,https://www.coursefinder.ai/SearchProgram/CourseDetail?uid=MTcyNjQ5&year=2026,University of Bristol,48 Month(s),Sep,,"workspace_premium
Russel Group Universities (UK), assignment_turned_in
MOI Acceptable, voice_over_off
No Interview Required","11 in US News Ranking, 54 in QS World Ranking, 12 in Webometrics Ranking of United Kingdom National",,No application fee
PhD,,,PhD Physics,https://www.coursefinder.ai/SearchProgram/CourseDetail?uid=MTYxMTMw&year=2026,University of Bristol,48 Month(s),Sep,,"workspace_premium
Russel Group Universities (UK), assignment_turned_in
MOI Acceptable, voice_over_off
No Interview Required","11 in US News Ranking, 54 in QS World Ranking, 12 in Webometrics Ranking of United Kingdom National",,No application fee
PhD,,,"PhD Physiology, Pharmacology and Neuroscience",https://www.coursefinder.ai/SearchProgram/CourseDetail?uid=MTYzMjAz&year=2026,University of Bristol,48 Month(s),"Sep, Jan",,"workspace_premium
Russel Group Universities (UK), assignment_turned_in
MOI Acceptable, voice_over_off
No Interview Required","11 in US News Ranking, 54 in QS World Ranking, 12 in Webometrics Ranking of United Kingdom National",,No application fee
PhD,,,PhD Technology Enhanced Chemical Synthesis,https://www.coursefinder.ai/SearchProgram/CourseDetail?uid=MTg4MDY0&year=2026,University of Bristol,48 Month(s),Sep,,"workspace_premium
Russel Group Universities (UK), assignment_turned_in
MOI Acceptable, voice_over_off
No Interview Required","11 in US News Ranking, 54 in QS World Ranking, 12 in Webometrics Ranking of United Kingdom National",,No application fee
PhD,,,DFA Creative Writing,https://www.coursefinder.ai/SearchProgram/CourseDetail?uid=MjAzNDU2&year=2026,University of Glasgow,36 Month(s),Sep,,"attractions
Major City, mintmark
Low Tuition Deposit, voice_over_off
No Interview Required","7 in US News Ranking, 78 in QS World Ranking, 11 in Webometrics Ranking of United Kingdom National",,No application fee
PhD,,,PhD Biochemistry and Biotechnology,https://www.coursefinder.ai/SearchProgram/CourseDetail?uid=MTQ4NjY5&year=2026,University of Glasgow,48 Month(s),Sep,,"workspace_premium
Russel Group Universities (UK), mintmark
Low Tuition Deposit, voice_over_off
No Interview Required","7 in US News Ranking, 78 in QS World Ranking, 11 in Webometrics Ranking of United Kingdom National",,No application fee
PhD,,,PhD History,https://www.coursefinder.ai/SearchProgram/CourseDetail?uid=MjExMzM1&year=2026,University of Glasgow,36 Month(s),Sep,,"workspace_premium
Russel Group Universities (UK), mintmark
Low Tuition Deposit, voice_over_off
No Interview Required","7 in US News Ranking, 78 in QS World Ranking, 11 in Webometrics Ranking of United Kingdom National",,No application fee
PhD,,,PhD Law,https://www.coursefinder.ai/SearchProgram/CourseDetail?uid=MjExMjEy&year=2026,University of Glasgow,36 Month(s),Sep,,"workspace_premium
Russel Group Universities (UK), mintmark
Low Tuition Deposit, voice_over_off
No Interview Required","7 in US News Ranking, 78 in QS World Ranking, 11 in Webometrics Ranking of United Kingdom National",,No application fee
PhD,,,PhD Systems Power and Energy,https://www.coursefinder.ai/SearchProgram/CourseDetail?uid=MjAxNzQ5&year=2026,University of Glasgow,36 Month(s),Sep,,"attractions
Major City, mintmark
Low Tuition Deposit, voice_over_off
No Interview Required","7 in US News Ranking, 78 in QS World Ranking, 11 in Webometrics Ranking of United Kingdom National",,No application fee
PhD,,,PhD Veterinary Medicine,https://www.coursefinder.ai/SearchProgram/CourseDetail?uid=MTU1NzQ5&year=2026,University of Glasgow,48 Month(s),Feb,,"workspace_premium
Russel Group Universities (UK), mintmark
Low Tuition Deposit, voice_over_off
No Interview Required","7 in US News Ranking, 78 in QS World Ranking, 11 in Webometrics Ranking of United Kingdom National",,No application fee
PhD,,,PhD Archaeology,https://www.coursefinder.ai/SearchProgram/CourseDetail?uid=MTkyMTA0&year=2026,University of Southampton,48 Month(s),Sep,,"workspace_premium
Russel Group Universities (UK), assignment_turned_in
MOI Acceptable, mintmark
Low Tuition Deposit","14 in US News Ranking, 80 in QS World Ranking, 23 in Webometrics Ranking of United Kingdom National",,No application fee
PhD,,,PhD Psychology,https://www.coursefinder.ai/SearchProgram/CourseDetail?uid=MjA0MzE4&year=2026,University of Southampton,36 Month(s),Sep,,"speed
Faster Offer TAT, mintmark
Low Tuition Deposit","14 in US News Ranking, 80 in QS World Ranking, 23 in Webometrics Ranking of United Kingdom National",,No application fee
PhD,,,PhD Chemical Engineering,https://www.coursefinder.ai/SearchProgram/CourseDetail?uid=MjAwNTcw&year=2026,University of Birmingham,36 Month(s),Sep,,"workspace_premium
Russel Group Universities (UK), paid
Scholarship Available, dictionary
English Proficiency Exam Waiver","10 in US News Ranking, 80 in QS World Ranking, 44 in Webometrics Ranking of United Kingdom National",,No application fee
PhD,,,PhD Civil Engineering,https://www.coursefinder.ai/SearchProgram/CourseDetail?uid=MTkzMTg1&year=2026,University of Birmingham,36 Month(s),"Jan, Sep",,"workspace_premium
Russel Group Universities (UK), paid
Scholarship Available, dictionary
English Proficiency Exam Waiver","10 in US News Ranking, 80 in QS World Ranking, 44 in Webometrics Ranking of United Kingdom National",,No application fee
PhD,,,PhD Geography and Environmental Sciences,https://www.coursefinder.ai/SearchProgram/CourseDetail?uid=MTYzODUy&year=2026,University of Birmingham,36 Month(s),Sep,,"workspace_premium
Russel Group Universities (UK), paid
Scholarship Available, dictionary
English Proficiency Exam Waiver","10 in US News Ranking, 80 in QS World Ranking, 44 in Webometrics Ranking of United Kingdom National",,No application fee
PhD,,,PhD Shakespeare Studies,https://www.coursefinder.ai/SearchProgram/CourseDetail?uid=MjAxNDM1&year=2026,University of Birmingham,36 Month(s),"Sep, Jan",,"workspace_premium
Russel Group Universities (UK), paid
Scholarship Available, dictionary
English Proficiency Exam Waiver","10 in US News Ranking, 80 in QS World Ranking, 44 in Webometrics Ranking of United Kingdom National",,No application fee
PhD,,,"PhD Social Policy, Sociology and Criminology",https://www.coursefinder.ai/SearchProgram/CourseDetail?uid=MTk1NzM3&year=2026,University of Birmingham,36 Month(s),Sep,,"workspace_premium
Russel Group Universities (UK), paid
Scholarship Available, dictionary
English Proficiency Exam Waiver","10 in US News Ranking, 80 in QS World Ranking, 44 in Webometrics Ranking of United Kingdom National",,No application fee
PhD,,,PhD/MPhil Earth Sciences,https://www.coursefinder.ai/SearchProgram/CourseDetail?uid=MTg4NTky&year=2026,University of Birmingham,36 Month(s),Sep,,"workspace_premium
Russel Group Universities (UK), paid
Scholarship Available, dictionary
English Proficiency Exam Waiver","10 in US News Ranking, 80 in QS World Ranking, 44 in Webometrics Ranking of United Kingdom National",,No application fee
PhD,,,PhD Civil Engineering,https://www.coursefinder.ai/SearchProgram/CourseDetail?uid=MTk2MTg3&year=2026,University of Leeds,36 Month(s),Sep,,"workspace_premium
Russel Group Universities (UK), mintmark
Low Tuition Deposit, voice_over_off
No Interview Required","16 in US News Ranking, 82 in QS World Ranking, 8 in Webometrics Ranking of United Kingdom National",,No application fee
PhD,,,PhD Chemical Engineering,https://www.coursefinder.ai/SearchProgram/CourseDetail?uid=MjAxMjIy&year=2026,University of Nottingham,36 Month(s),Sep,,"workspace_premium
Russel Group Universities (UK), speed
Faster Offer TAT, paid
Scholarship Available","17 in US News Ranking, 108 in QS World Ranking, 9 in Webometrics Ranking of United Kingdom National",,No application fee
PhD,,,PhD Chemistry,https://www.coursefinder.ai/SearchProgram/CourseDetail?uid=MjExMzM2&year=2026,University of Nottingham,48 Month(s),Sep,,"workspace_premium
Russel Group Universities (UK), speed
Faster Offer TAT, paid
Scholarship Available","17 in US News Ranking, 108 in QS World Ranking, 9 in Webometrics Ranking of United Kingdom National",,No application fee
PhD,,,PhD Economics,https://www.coursefinder.ai/SearchProgram/CourseDetail?uid=MTU5NDk4&year=2026,University of Nottingham,48 Month(s),Sep,,"workspace_premium
Russel Group Universities (UK), speed
Faster Offer TAT, paid
Scholarship Available","17 in US News Ranking, 108 in QS World Ranking, 9 in Webometrics Ranking of United Kingdom National",,GBP 50
PhD,,,PhD Environmental Sciences,https://www.coursefinder.ai/SearchProgram/CourseDetail?uid=MTkzNjE0&year=2026,University of Nottingham,48 Month(s),Oct,,"workspace_premium
Russel Group Universities (UK), speed
Faster Offer TAT, paid
Scholarship Available","17 in US News Ranking, 108 in QS World Ranking, 9 in Webometrics Ranking of United Kingdom National",,GBP 50
PhD,,,PhD Epidemiology and Public Health,https://www.coursefinder.ai/SearchProgram/CourseDetail?uid=MjE1MDQ0&year=2026,University of Nottingham,48 Month(s),"Oct, Feb, Jul",,"workspace_premium
Russel Group Universities (UK), speed
Faster Offer TAT, paid
Scholarship Available","17 in US News Ranking, 108 in QS World Ranking, 9 in Webometrics Ranking of United Kingdom National",,No application fee
PhD,,,PhD Neuroscience and Neuropathology,https://www.coursefinder.ai/SearchProgram/CourseDetail?uid=MjAxNzU0&year=2026,University of Nottingham,36 Month(s),Oct,,"speed
Faster Offer TAT, paid
Scholarship Available, dictionary
English Proficiency Exam Waiver","17 in US News Ranking, 108 in QS World Ranking, 9 in Webometrics Ranking of United Kingdom National",,No application fee
PhD,,,PhD Pharmacology and Drug Discovery,https://www.coursefinder.ai/SearchProgram/CourseDetail?uid=MTU3ODU2&year=2026,University of Nottingham,48 Month(s),Oct,,"workspace_premium
Russel Group Universities (UK), speed
Faster Offer TAT, paid
Scholarship Available","17 in US News Ranking, 108 in QS World Ranking, 9 in Webometrics Ranking of United Kingdom National",,GBP 50
PhD,,,PhD Biosciences,https://www.coursefinder.ai/SearchProgram/CourseDetail?uid=MTUwMjI1&year=2026,Newcastle University,36 Month(s),"Sep, Apr",Jan,"workspace_premium
Russel Group Universities (UK), assignment_turned_in
MOI Acceptable, mintmark
Low Tuition Deposit","18 in US News Ranking, 129 in QS World Ranking, 13 in Webometrics Ranking of United Kingdom National",,No application fee
PhD,,,PhD Film Practice,https://www.coursefinder.ai/SearchProgram/CourseDetail?uid=NTA1NDE=&year=2026,Newcastle University,36 Month(s),Sep,Jan,"workspace_premium
Russel Group Universities (UK), assignment_turned_in
MOI Acceptable, mintmark
Low Tuition Deposit","18 in US News Ranking, 129 in QS World Ranking, 13 in Webometrics Ranking of United Kingdom National",,No application fee
PhD,,,PhD Microbiology (Medical Sciences),https://www.coursefinder.ai/SearchProgram/CourseDetail?uid=MTQ4Njcz&year=2026,Newcastle University,36 Month(s),"Sep, Apr",Jan,"workspace_premium
Russel Group Universities (UK), assignment_turned_in
MOI Acceptable, mintmark
Low Tuition Deposit","18 in US News Ranking, 129 in QS World Ranking, 13 in Webometrics Ranking of United Kingdom National",,No application fee
PhD,,,PhD Psychology,https://www.coursefinder.ai/SearchProgram/CourseDetail?uid=MjEyODY1&year=2026,Newcastle University,36 Month(s),"Sep, Jan, Apr",,"workspace_premium
Russel Group Universities (UK), assignment_turned_in
MOI Acceptable, mintmark
Low Tuition Deposit","18 in US News Ranking, 129 in QS World Ranking, 13 in Webometrics Ranking of United Kingdom National",,No application fee
PhD,,,PhD / MPhil / MD Medical Microbiology,https://www.coursefinder.ai/SearchProgram/CourseDetail?uid=MjA4ODc1&year=2026,University of Liverpool,36 Month(s),Sep,,"workspace_premium
Russel Group Universities (UK), dictionary
English Proficiency Exam Waiver, mintmark
Low Tuition Deposit","15 in US News Ranking, 165 in QS World Ranking, 18 in Webometrics Ranking of United Kingdom National",,No application fee
PhD,,,PhD / MPhil / MD Obesity and Endocrinology,https://www.coursefinder.ai/SearchProgram/CourseDetail?uid=MTE2MTI5&year=2026,University of Liverpool,24 Month(s),Sep,,"workspace_premium
Russel Group Universities (UK), dictionary
English Proficiency Exam Waiver, mintmark
Low Tuition Deposit","15 in US News Ranking, 165 in QS World Ranking, 18 in Webometrics Ranking of United Kingdom National",,No application fee
PhD,,,PhD / MPhil / MD Pharmacology,https://www.coursefinder.ai/SearchProgram/CourseDetail?uid=MTk5NTU1&year=2026,University of Liverpool,48 Month(s),Sep,,"workspace_premium
Russel Group Universities (UK), dictionary
English Proficiency Exam Waiver, mintmark
Low Tuition Deposit","15 in US News Ranking, 165 in QS World Ranking, 18 in Webometrics Ranking of United Kingdom National",,No application fee
PhD,,,PhD / MPhil / MD Stem Cell & Regenerative Medicine,https://www.coursefinder.ai/SearchProgram/CourseDetail?uid=MTQ2NDEw&year=2026,University of Liverpool,24 Month(s),Sep,,"workspace_premium
Russel Group Universities (UK), dictionary
English Proficiency Exam Waiver, mintmark
Low Tuition Deposit","15 in US News Ranking, 165 in QS World Ranking, 18 in Webometrics Ranking of United Kingdom National",,No application fee
PhD,,,PhD Accounting and Financial Management,https://www.coursefinder.ai/SearchProgram/CourseDetail?uid=MTk0Njg5&year=2026,University of Reading,48 Month(s),Sep,,"assignment
Uni has own English Test, dictionary
English Proficiency Exam Waiver, mintmark
Low Tuition Deposit","33 in US News Ranking, 172 in QS World Ranking, 31 in Webometrics Ranking of United Kingdom National",,No application fee
PhD,,,PhD Accounting Opportunities,https://www.coursefinder.ai/SearchProgram/CourseDetail?uid=MjAzMjQy&year=2026,University of Reading,36 Month(s),Sep,,"assignment
Uni has own English Test, dictionary
English Proficiency Exam Waiver, mintmark
Low Tuition Deposit","33 in US News Ranking, 172 in QS World Ranking, 31 in Webometrics Ranking of United Kingdom National",,No application fee
PhD,,,"PhD Agricultural, Environmental and Food Economics",https://www.coursefinder.ai/SearchProgram/CourseDetail?uid=MTk0Njkw&year=2026,University of Reading,48 Month(s),Sep,,"assignment
Uni has own English Test, dictionary
English Proficiency Exam Waiver, mintmark
Low Tuition Deposit","33 in US News Ranking, 172 in QS World Ranking, 31 in Webometrics Ranking of United Kingdom National",,No application fee
PhD,,,PhD Ancient history,https://www.coursefinder.ai/SearchProgram/CourseDetail?uid=MTk0Njky&year=2026,University of Reading,48 Month(s),Sep,,"assignment
Uni has own English Test, dictionary
English Proficiency Exam Waiver, mintmark
Low Tuition Deposit","33 in US News Ranking, 172 in QS World Ranking, 31 in Webometrics Ranking of United Kingdom National",,No application fee
PhD,,,"PhD Animal, Dairy and Food Chain Sciences",https://www.coursefinder.ai/SearchProgram/CourseDetail?uid=MTk0Njkx&year=2026,University of Reading,48 Month(s),Sep,,"assignment
Uni has own English Test, dictionary
English Proficiency Exam Waiver, mintmark
Low Tuition Deposit","33 in US News Ranking, 172 in QS World Ranking, 31 in Webometrics Ranking of United Kingdom National",,No application fee
PhD,,,PhD Applied Health Research,https://www.coursefinder.ai/SearchProgram/CourseDetail?uid=MTk0Njkz&year=2026,University of Reading,48 Month(s),Sep,,"assignment
Uni has own English Test, dictionary
English Proficiency Exam Waiver, mintmark
Low Tuition Deposit","33 in US News Ranking, 172 in QS World Ranking, 31 in Webometrics Ranking of United Kingdom National",,No application fee
PhD,,,PhD Applied Linguistics,https://www.coursefinder.ai/SearchProgram/CourseDetail?uid=MTk0Njk1&year=2026,University of Reading,48 Month(s),Sep,,"assignment
Uni has own English Test, dictionary
English Proficiency Exam Waiver, mintmark
Low Tuition Deposit","33 in US News Ranking, 172 in QS World Ranking, 31 in Webometrics Ranking of United Kingdom National",,No application fee
PhD,,,PhD Applied Linguistics (Taught track & Thesis),https://www.coursefinder.ai/SearchProgram/CourseDetail?uid=MTk0Njk0&year=2026,University of Reading,48 Month(s),Sep,,"assignment
Uni has own English Test, dictionary
English Proficiency Exam Waiver, mintmark
Low Tuition Deposit","33 in US News Ranking, 172 in QS World Ranking, 31 in Webometrics Ranking of United Kingdom National",,No application fee
PhD,,,PhD Applied Statistics,https://www.coursefinder.ai/SearchProgram/CourseDetail?uid=MTk0Njk2&year=2026,University of Reading,48 Month(s),Sep,,"assignment
Uni has own English Test, dictionary
English Proficiency Exam Waiver, mintmark
Low Tuition Deposit","33 in US News Ranking, 172 in QS World Ranking, 31 in Webometrics Ranking of United Kingdom National",,No application fee
PhD,,,PhD Archaeology,https://www.coursefinder.ai/SearchProgram/CourseDetail?uid=MTk0Njk3&year=2026,University of Reading,48 Month(s),Sep,,"assignment
Uni has own English Test, dictionary
English Proficiency Exam Waiver, mintmark
Low Tuition Deposit","33 in US News Ranking, 172 in QS World Ranking, 31 in Webometrics Ranking of United Kingdom National",,No application fee
PhD,,,PhD Architecture,https://www.coursefinder.ai/SearchProgram/CourseDetail?uid=MTk0Njk4&year=2026,University of Reading,48 Month(s),Sep,,"assignment
Uni has own English Test, dictionary
English Proficiency Exam Waiver, mintmark
Low Tuition Deposit","33 in US News Ranking, 172 in QS World Ranking, 31 in Webometrics Ranking of United Kingdom National",,No application fee
PhD,,,"PhD Atmosphere, Ocean and Climate",https://www.coursefinder.ai/SearchProgram/CourseDetail?uid=MTk0Njk5&year=2026,University of Reading,48 Month(s),Sep,,"assignment
Uni has own English Test, dictionary
English Proficiency Exam Waiver, mintmark
Low Tuition Deposit","33 in US News Ranking, 172 in QS World Ranking, 31 in Webometrics Ranking of United Kingdom National",,No application fee
PhD,,,PhD Biological Sciences,https://www.coursefinder.ai/SearchProgram/CourseDetail?uid=MTk0NzAw&year=2026,University of Reading,48 Month(s),Sep,,"assignment
Uni has own English Test, dictionary
English Proficiency Exam Waiver, mintmark
Low Tuition Deposit","33 in US News Ranking, 172 in QS World Ranking, 31 in Webometrics Ranking of United Kingdom National",,No application fee
PhD,,,PhD Biomedical Engineering,https://www.coursefinder.ai/SearchProgram/CourseDetail?uid=MTk0NzAx&year=2026,University of Reading,48 Month(s),Sep,,"assignment
Uni has own English Test, dictionary
English Proficiency Exam Waiver, mintmark
Low Tuition Deposit","33 in US News Ranking, 172 in QS World Ranking, 31 in Webometrics Ranking of United Kingdom National",,No application fee
PhD,,,PhD Biomedical Sciences,https://www.coursefinder.ai/SearchProgram/CourseDetail?uid=MTk0NzAy&year=2026,University of Reading,48 Month(s),Sep,,"assignment
Uni has own English Test, dictionary
English Proficiency Exam Waiver, mintmark
Low Tuition Deposit","33 in US News Ranking, 172 in QS World Ranking, 31 in Webometrics Ranking of United Kingdom National",,No application fee
PhD,,,PhD Chemistry,https://www.coursefinder.ai/SearchProgram/CourseDetail?uid=MTk0NzAz&year=2026,University of Reading,48 Month(s),Sep,,"assignment
Uni has own English Test, dictionary
English Proficiency Exam Waiver, mintmark
Low Tuition Deposit","33 in US News Ranking, 172 in QS World Ranking, 31 in Webometrics Ranking of United Kingdom National",,No application fee
PhD,,,PhD Classics,https://www.coursefinder.ai/SearchProgram/CourseDetail?uid=MTk0NzA0&year=2026,University of Reading,48 Month(s),Sep,,"assignment
Uni has own English Test, dictionary
English Proficiency Exam Waiver, mintmark
Low Tuition Deposit","33 in US News Ranking, 172 in QS World Ranking, 31 in Webometrics Ranking of United Kingdom National",,No application fee
PhD,,,PhD Clinical Language Sciences,https://www.coursefinder.ai/SearchProgram/CourseDetail?uid=MTk0NzA1&year=2026,University of Reading,48 Month(s),Sep,,"assignment
Uni has own English Test, dictionary
English Proficiency Exam Waiver, mintmark
Low Tuition Deposit","33 in US News Ranking, 172 in QS World Ranking, 31 in Webometrics Ranking of United Kingdom National",,No application fee
PhD,,,PhD Comparative and Intercultural Studies,https://www.coursefinder.ai/SearchProgram/CourseDetail?uid=MTk0NzA2&year=2026,University of Reading,48 Month(s),Sep,,"assignment
Uni has own English Test, dictionary
English Proficiency Exam Waiver, mintmark
Low Tuition Deposit","33 in US News Ranking, 172 in QS World Ranking, 31 in Webometrics Ranking of United Kingdom National",,No application fee
PhD,,,PhD Computer Science,https://www.coursefinder.ai/SearchProgram/CourseDetail?uid=MTk0NzA3&year=2026,University of Reading,48 Month(s),Sep,,"assignment
Uni has own English Test, dictionary
English Proficiency Exam Waiver, mintmark
Low Tuition Deposit","33 in US News Ranking, 172 in QS World Ranking, 31 in Webometrics Ranking of United Kingdom National",,No application fee
PhD,,,PhD Construction Management,https://www.coursefinder.ai/SearchProgram/CourseDetail?uid=MTk0NzA4&year=2026,University of Reading,48 Month(s),Sep,,"assignment
Uni has own English Test, dictionary
English Proficiency Exam Waiver, mintmark
Low Tuition Deposit","33 in US News Ranking, 172 in QS World Ranking, 31 in Webometrics Ranking of United Kingdom National",,No application fee
PhD,,,PhD Consumer Behaviour and Food Marketing,https://www.coursefinder.ai/SearchProgram/CourseDetail?uid=MTk0NzA5&year=2026,University of Reading,48 Month(s),Sep,,"assignment
Uni has own English Test, dictionary
English Proficiency Exam Waiver, mintmark
Low Tuition Deposit","33 in US News Ranking, 172 in QS World Ranking, 31 in Webometrics Ranking of United Kingdom National",,No application fee
PhD,,,PhD Crop Sciences,https://www.coursefinder.ai/SearchProgram/CourseDetail?uid=MTk0NzEw&year=2026,University of Reading,48 Month(s),Sep,,"assignment
Uni has own English Test, dictionary
English Proficiency Exam Waiver, mintmark
Low Tuition Deposit","33 in US News Ranking, 172 in QS World Ranking, 31 in Webometrics Ranking of United Kingdom National",,No application fee
PhD,,,PhD Cybernetics,https://www.coursefinder.ai/SearchProgram/CourseDetail?uid=MTk0NzEx&year=2026,University of Reading,48 Month(s),Sep,,"assignment
Uni has own English Test, dictionary
English Proficiency Exam Waiver, mintmark
Low Tuition Deposit","33 in US News Ranking, 172 in QS World Ranking, 31 in Webometrics Ranking of United Kingdom National",,No application fee
PhD,,,PhD Ecology and Agri-Environmental Research,https://www.coursefinder.ai/SearchProgram/CourseDetail?uid=MTk0NzEy&year=2026,University of Reading,48 Month(s),Sep,,"assignment
Uni has own English Test, dictionary
English Proficiency Exam Waiver, mintmark
Low Tuition Deposit","33 in US News Ranking, 172 in QS World Ranking, 31 in Webometrics Ranking of United Kingdom National",,No application fee
PhD,,,PhD Ecology and Evolutionary Biology,https://www.coursefinder.ai/SearchProgram/CourseDetail?uid=MTk0NzEz&year=2026,University of Reading,48 Month(s),Sep,,"assignment
Uni has own English Test, dictionary
English Proficiency Exam Waiver, mintmark
Low Tuition Deposit","33 in US News Ranking, 172 in QS World Ranking, 31 in Webometrics Ranking of United Kingdom National",,No application fee
PhD,,,PhD Economics,https://www.coursefinder.ai/SearchProgram/CourseDetail?uid=MTk0NzE0&year=2026,University of Reading,48 Month(s),Sep,,"assignment
Uni has own English Test, dictionary
English Proficiency Exam Waiver, mintmark
Low Tuition Deposit","33 in US News Ranking, 172 in QS World Ranking, 31 in Webometrics Ranking of United Kingdom National",,No application fee
PhD,,,PhD Electronic Engineering,https://www.coursefinder.ai/SearchProgram/CourseDetail?uid=MTk0NzE1&year=2026,University of Reading,48 Month(s),Sep,,"assignment
Uni has own English Test, dictionary
English Proficiency Exam Waiver, mintmark
Low Tuition Deposit","33 in US News Ranking, 172 in QS World Ranking, 31 in Webometrics Ranking of United Kingdom National",,No application fee
PhD,,,PhD Energy and Environmental Engineering,https://www.coursefinder.ai/SearchProgram/CourseDetail?uid=MTk0NzE2&year=2026,University of Reading,48 Month(s),Sep,,"assignment
Uni has own English Test, dictionary
English Proficiency Exam Waiver, mintmark
Low Tuition Deposit","33 in US News Ranking, 172 in QS World Ranking, 31 in Webometrics Ranking of United Kingdom National",,No application fee
PhD,,,PhD English Literature,https://www.coursefinder.ai/SearchProgram/CourseDetail?uid=MTk0NzE3&year=2026,University of Reading,48 Month(s),Sep,,"assignment
Uni has own English Test, dictionary
English Proficiency Exam Waiver, mintmark
Low Tuition Deposit","33 in US News Ranking, 172 in QS World Ranking, 31 in Webometrics Ranking of United Kingdom National",,No application fee
PhD,,,PhD Environmental Science,https://www.coursefinder.ai/SearchProgram/CourseDetail?uid=MTk0NzE4&year=2026,University of Reading,48 Month(s),Sep,,"assignment
Uni has own English Test, dictionary
English Proficiency Exam Waiver, mintmark
Low Tuition Deposit","33 in US News Ranking, 172 in QS World Ranking, 31 in Webometrics Ranking of United Kingdom National",,No application fee
PhD,,,PhD Film Theatre and Television,https://www.coursefinder.ai/SearchProgram/CourseDetail?uid=MTk0NzE5&year=2026,University of Reading,48 Month(s),Sep,,"assignment
Uni has own English Test, dictionary
English Proficiency Exam Waiver, mintmark
Low Tuition Deposit","33 in US News Ranking, 172 in QS World Ranking, 31 in Webometrics Ranking of United Kingdom National",,No application fee
PhD,,,PhD Finance,https://www.coursefinder.ai/SearchProgram/CourseDetail?uid=MTk0NzIw&year=2026,University of Reading,48 Month(s),Sep,,"assignment
Uni has own English Test, dictionary
English Proficiency Exam Waiver, mintmark
Low Tuition Deposit","33 in US News Ranking, 172 in QS World Ranking, 31 in Webometrics Ranking of United Kingdom National",,No application fee
PhD,,,PhD Fine Art,https://www.coursefinder.ai/SearchProgram/CourseDetail?uid=MTk0NzIx&year=2026,University of Reading,48 Month(s),Sep,,"assignment
Uni has own English Test, dictionary
English Proficiency Exam Waiver, mintmark
Low Tuition Deposit","33 in US News Ranking, 172 in QS World Ranking, 31 in Webometrics Ranking of United Kingdom National",,No application fee
PhD,,,PhD Food and Nutritional Sciences,https://www.coursefinder.ai/SearchProgram/CourseDetail?uid=MTk0NzIy&year=2026,University of Reading,48 Month(s),Sep,,"assignment
Uni has own English Test, dictionary
English Proficiency Exam Waiver, mintmark
Low Tuition Deposit","33 in US News Ranking, 172 in QS World Ranking, 31 in Webometrics Ranking of United Kingdom National",,No application fee
PhD,,,"PhD Food, Nutrition and Health",https://www.coursefinder.ai/SearchProgram/CourseDetail?uid=MTk0NzIz&year=2026,University of Reading,48 Month(s),Sep,,"assignment
Uni has own English Test, dictionary
English Proficiency Exam Waiver, mintmark
Low Tuition Deposit","33 in US News Ranking, 172 in QS World Ranking, 31 in Webometrics Ranking of United Kingdom National",,No application fee
PhD,,,PhD French Studies,https://www.coursefinder.ai/SearchProgram/CourseDetail?uid=MTk0NzI0&year=2026,University of Reading,48 Month(s),Sep,,"assignment
Uni has own English Test, dictionary
English Proficiency Exam Waiver, mintmark
Low Tuition Deposit","33 in US News Ranking, 172 in QS World Ranking, 31 in Webometrics Ranking of United Kingdom National",,No application fee
PhD,,,PhD Geography,https://www.coursefinder.ai/SearchProgram/CourseDetail?uid=MTk0NzI1&year=2026,University of Reading,48 Month(s),Sep,,"assignment
Uni has own English Test, dictionary
English Proficiency Exam Waiver, mintmark
Low Tuition Deposit","33 in US News Ranking, 172 in QS World Ranking, 31 in Webometrics Ranking of United Kingdom National",,No application fee
PhD,,,PhD German Studies,https://www.coursefinder.ai/SearchProgram/CourseDetail?uid=MTk0NzI2&year=2026,University of Reading,48 Month(s),Sep,,"assignment
Uni has own English Test, dictionary
English Proficiency Exam Waiver, mintmark
Low Tuition Deposit","33 in US News Ranking, 172 in QS World Ranking, 31 in Webometrics Ranking of United Kingdom National",,No application fee
PhD,,,PhD Gut Immunity,https://www.coursefinder.ai/SearchProgram/CourseDetail?uid=MTk0NzI3&year=2026,University of Reading,48 Month(s),Sep,,"assignment
Uni has own English Test, dictionary
English Proficiency Exam Waiver, mintmark
Low Tuition Deposit","33 in US News Ranking, 172 in QS World Ranking, 31 in Webometrics Ranking of United Kingdom National",,No application fee
PhD,,,PhD History,https://www.coursefinder.ai/SearchProgram/CourseDetail?uid=MTk0NzI4&year=2026,University of Reading,48 Month(s),Sep,,"assignment
Uni has own English Test, dictionary
English Proficiency Exam Waiver, mintmark
Low Tuition Deposit","33 in US News Ranking, 172 in QS World Ranking, 31 in Webometrics Ranking of United Kingdom National",,No application fee
PhD,,,PhD Human Geography,https://www.coursefinder.ai/SearchProgram/CourseDetail?uid=MTk0NzI5&year=2026,University of Reading,48 Month(s),Sep,,"assignment
Uni has own English Test, dictionary
English Proficiency Exam Waiver, mintmark
Low Tuition Deposit","33 in US News Ranking, 172 in QS World Ranking, 31 in Webometrics Ranking of United Kingdom National",,No application fee
PhD,,,PhD Informatics and System Science,https://www.coursefinder.ai/SearchProgram/CourseDetail?uid=MTk0NzMw&year=2026,University of Reading,48 Month(s),Sep,,"assignment
Uni has own English Test, dictionary
English Proficiency Exam Waiver, mintmark
Low Tuition Deposit","33 in US News Ranking, 172 in QS World Ranking, 31 in Webometrics Ranking of United Kingdom National",,No application fee
PhD,,,PhD International and Rural Development,https://www.coursefinder.ai/SearchProgram/CourseDetail?uid=MTk0NzMx&year=2026,University of Reading,48 Month(s),Sep,,"assignment
Uni has own English Test, dictionary
English Proficiency Exam Waiver, mintmark
Low Tuition Deposit","33 in US News Ranking, 172 in QS World Ranking, 31 in Webometrics Ranking of United Kingdom National",,No application fee
PhD,,,PhD Italian Studies,https://www.coursefinder.ai/SearchProgram/CourseDetail?uid=MTk0NzMy&year=2026,University of Reading,48 Month(s),Sep,,"assignment
Uni has own English Test, dictionary
English Proficiency Exam Waiver, mintmark
Low Tuition Deposit","33 in US News Ranking, 172 in QS World Ranking, 31 in Webometrics Ranking of United Kingdom National",,No application fee
PhD,,,PhD Latin American Studies,https://www.coursefinder.ai/SearchProgram/CourseDetail?uid=MTk0NzMz&year=2026,University of Reading,48 Month(s),Sep,,"assignment
Uni has own English Test, dictionary
English Proficiency Exam Waiver, mintmark
Low Tuition Deposit","33 in US News Ranking, 172 in QS World Ranking, 31 in Webometrics Ranking of United Kingdom National",,No application fee
PhD,,,PhD Law,https://www.coursefinder.ai/SearchProgram/CourseDetail?uid=MTk0NzM0&year=2026,University of Reading,48 Month(s),Sep,,"assignment
Uni has own English Test, dictionary
English Proficiency Exam Waiver, mintmark
Low Tuition Deposit","33 in US News Ranking, 172 in QS World Ranking, 31 in Webometrics Ranking of United Kingdom National",,No application fee
PhD,,,PhD Management - International Business and Strategy,https://www.coursefinder.ai/SearchProgram/CourseDetail?uid=MTk0NzM1&year=2026,University of Reading,48 Month(s),Sep,,"assignment
Uni has own English Test, dictionary
English Proficiency Exam Waiver, mintmark
Low Tuition Deposit","33 in US News Ranking, 172 in QS World Ranking, 31 in Webometrics Ranking of United Kingdom National",,No application fee
PhD,,,"PhD Management - Leadership, Organisations and Behaviour",https://www.coursefinder.ai/SearchProgram/CourseDetail?uid=MTk0NzM2&year=2026,University of Reading,48 Month(s),Sep,,"assignment
Uni has own English Test, dictionary
English Proficiency Exam Waiver, mintmark
Low Tuition Deposit","33 in US News Ranking, 172 in QS World Ranking, 31 in Webometrics Ranking of United Kingdom National",,No application fee
PhD,,,PhD Management - Marketing and Reputation,https://www.coursefinder.ai/SearchProgram/CourseDetail?uid=MTk0NzM3&year=2026,University of Reading,48 Month(s),Sep,,"assignment
Uni has own English Test, dictionary
English Proficiency Exam Waiver, mintmark
Low Tuition Deposit","33 in US News Ranking, 172 in QS World Ranking, 31 in Webometrics Ranking of United Kingdom National",,No application fee
PhD,,,PhD Mathematics,https://www.coursefinder.ai/SearchProgram/CourseDetail?uid=MTk0NzM4&year=2026,University of Reading,48 Month(s),Sep,,"assignment
Uni has own English Test, dictionary
English Proficiency Exam Waiver, mintmark
Low Tuition Deposit","33 in US News Ranking, 172 in QS World Ranking, 31 in Webometrics Ranking of United Kingdom National",,No application fee
PhD,,,PhD Medieval Studies,https://www.coursefinder.ai/SearchProgram/CourseDetail?uid=MTk0NzM5&year=2026,University of Reading,48 Month(s),Sep,,"assignment
Uni has own English Test, dictionary
English Proficiency Exam Waiver, mintmark
Low Tuition Deposit","33 in US News Ranking, 172 in QS World Ranking, 31 in Webometrics Ranking of United Kingdom National",,No application fee
PhD,,,PhD Neuroscience,https://www.coursefinder.ai/SearchProgram/CourseDetail?uid=MTk0NzQw&year=2026,University of Reading,48 Month(s),Sep,,"assignment
Uni has own English Test, dictionary
English Proficiency Exam Waiver, mintmark
Low Tuition Deposit","33 in US News Ranking, 172 in QS World Ranking, 31 in Webometrics Ranking of United Kingdom National",,No application fee
PhD,,,PhD Pharmaceutical Chemistry,https://www.coursefinder.ai/SearchProgram/CourseDetail?uid=MTk0NzQx&year=2026,University of Reading,48 Month(s),Sep,,"assignment
Uni has own English Test, dictionary
English Proficiency Exam Waiver, mintmark
Low Tuition Deposit","33 in US News Ranking, 172 in QS World Ranking, 31 in Webometrics Ranking of United Kingdom National",,No application fee
PhD,,,PhD Pharmaceutics,https://www.coursefinder.ai/SearchProgram/CourseDetail?uid=MTk0NzQy&year=2026,University of Reading,48 Month(s),Sep,,"assignment
Uni has own English Test, dictionary
English Proficiency Exam Waiver, mintmark
Low Tuition Deposit","33 in US News Ranking, 172 in QS World Ranking, 31 in Webometrics Ranking of United Kingdom National",,No application fee
PhD,,,PhD Pharmacy,https://www.coursefinder.ai/SearchProgram/CourseDetail?uid=MTk0NzQz&year=2026,University of Reading,48 Month(s),Sep,,"assignment
Uni has own English Test, dictionary
English Proficiency Exam Waiver, mintmark
Low Tuition Deposit","33 in US News Ranking, 172 in QS World Ranking, 31 in Webometrics Ranking of United Kingdom National",,No application fee
PhD,,,PhD Pharmacy Practice,https://www.coursefinder.ai/SearchProgram/CourseDetail?uid=MTk0NzQ0&year=2026,University of Reading,48 Month(s),Sep,,"assignment
Uni has own English Test, dictionary
English Proficiency Exam Waiver, mintmark
Low Tuition Deposit","33 in US News Ranking, 172 in QS World Ranking, 31 in Webometrics Ranking of United Kingdom National",,No application fee
PhD,,,PhD PhD Education,https://www.coursefinder.ai/SearchProgram/CourseDetail?uid=MTk0NzQ1&year=2026,University of Reading,48 Month(s),Sep,,"assignment
Uni has own English Test, dictionary
English Proficiency Exam Waiver, mintmark
Low Tuition Deposit","33 in US News Ranking, 172 in QS World Ranking, 31 in Webometrics Ranking of United Kingdom National",,No application fee
PhD,,,PhD Philosophy,https://www.coursefinder.ai/SearchProgram/CourseDetail?uid=MTk0NzQ2&year=2026,University of Reading,48 Month(s),Sep,,"assignment
Uni has own English Test, dictionary
English Proficiency Exam Waiver, mintmark
Low Tuition Deposit","33 in US News Ranking, 172 in QS World Ranking, 31 in Webometrics Ranking of United Kingdom National",,No application fee
PhD,,,PhD Physiology and Pharmacology,https://www.coursefinder.ai/SearchProgram/CourseDetail?uid=MTk0NzQ3&year=2026,University of Reading,48 Month(s),Sep,,"assignment
Uni has own English Test, dictionary
English Proficiency Exam Waiver, mintmark
Low Tuition Deposit","33 in US News Ranking, 172 in QS World Ranking, 31 in Webometrics Ranking of United Kingdom National",,No application fee
PhD,,,PhD Politics,https://www.coursefinder.ai/SearchProgram/CourseDetail?uid=MTk0NzQ4&year=2026,University of Reading,48 Month(s),Sep,,"assignment
Uni has own English Test, dictionary
English Proficiency Exam Waiver, mintmark
Low Tuition Deposit","33 in US News Ranking, 172 in QS World Ranking, 31 in Webometrics Ranking of United Kingdom National",,No application fee
PhD,,,PhD Psycholinguistics,https://www.coursefinder.ai/SearchProgram/CourseDetail?uid=MTk0NzQ5&year=2026,University of Reading,48 Month(s),Sep,,"assignment
Uni has own English Test, dictionary
English Proficiency Exam Waiver, mintmark
Low Tuition Deposit","33 in US News Ranking, 172 in QS World Ranking, 31 in Webometrics Ranking of United Kingdom National",,No application fee
PhD,,,PhD Psychology,https://www.coursefinder.ai/SearchProgram/CourseDetail?uid=MTk0NzUw&year=2026,University of Reading,48 Month(s),Sep,,"assignment
Uni has own English Test, dictionary
English Proficiency Exam Waiver, mintmark
Low Tuition Deposit","33 in US News Ranking, 172 in QS World Ranking, 31 in Webometrics Ranking of United Kingdom National",,No application fee
PhD,,,PhD Real Estate and Planning,https://www.coursefinder.ai/SearchProgram/CourseDetail?uid=MTk0NzUx&year=2026,University of Reading,48 Month(s),Sep,,"assignment
Uni has own English Test, dictionary
English Proficiency Exam Waiver, mintmark
Low Tuition Deposit","33 in US News Ranking, 172 in QS World Ranking, 31 in Webometrics Ranking of United Kingdom National",,No application fee
PhD,,,PhD Soil Science,https://www.coursefinder.ai/SearchProgram/CourseDetail?uid=MTk0NzUy&year=2026,University of Reading,48 Month(s),Sep,,"assignment
Uni has own English Test, dictionary
English Proficiency Exam Waiver, mintmark
Low Tuition Deposit","33 in US News Ranking, 172 in QS World Ranking, 31 in Webometrics Ranking of United Kingdom National",,No application fee
PhD,,,PhD Space Weather and Solar-Terrestrial Physics,https://www.coursefinder.ai/SearchProgram/CourseDetail?uid=MTk0NzUz&year=2026,University of Reading,48 Month(s),Sep,,"assignment
Uni has own English Test, dictionary
English Proficiency Exam Waiver, mintmark
Low Tuition Deposit","33 in US News Ranking, 172 in QS World Ranking, 31 in Webometrics Ranking of United Kingdom National",,No application fee
PhD,,,PhD Spanish Studies,https://www.coursefinder.ai/SearchProgram/CourseDetail?uid=MTk0NzU0&year=2026,University of Reading,48 Month(s),Sep,,"assignment
Uni has own English Test, dictionary
English Proficiency Exam Waiver, mintmark
Low Tuition Deposit","33 in US News Ranking, 172 in QS World Ranking, 31 in Webometrics Ranking of United Kingdom National",,No application fee
PhD,,,PhD Translation Studies,https://www.coursefinder.ai/SearchProgram/CourseDetail?uid=MTk0NzU1&year=2026,University of Reading,48 Month(s),Sep,,"assignment
Uni has own English Test, dictionary
English Proficiency Exam Waiver, mintmark
Low Tuition Deposit","33 in US News Ranking, 172 in QS World Ranking, 31 in Webometrics Ranking of United Kingdom National",,No application fee
PhD,,,PhD Typography & Graphic Communication,https://www.coursefinder.ai/SearchProgram/CourseDetail?uid=MTk0NzU2&year=2026,University of Reading,48 Month(s),Sep,,"assignment
Uni has own English Test, dictionary
English Proficiency Exam Waiver, mintmark
Low Tuition Deposit","33 in US News Ranking, 172 in QS World Ranking, 31 in Webometrics Ranking of United Kingdom National",,No application fee
PhD,,,(PhD) Chemistry,https://www.coursefinder.ai/SearchProgram/CourseDetail?uid=MTk3Mjg1&year=2026,Cardiff University,36 Month(s),"Jan, Apr, Jul, Oct",,"workspace_premium
Russel Group Universities (UK), speed
Faster Offer TAT, voice_over_off
No Interview Required","21 in US News Ranking, 186 in QS World Ranking, 20 in Webometrics Ranking of United Kingdom National",,No application fee
PhD,,,(PhD) Law,https://www.coursefinder.ai/SearchProgram/CourseDetail?uid=MTkyMTEx&year=2026,Cardiff University,36 Month(s),"Jan, Apr, Jul, Oct",,"workspace_premium
Russel Group Universities (UK), speed
Faster Offer TAT, voice_over_off
No Interview Required","21 in US News Ranking, 186 in QS World Ranking, 20 in Webometrics Ranking of United Kingdom National",,No application fee
PhD,,,(PhD) Pharmacy and Pharmaceutical Sciences,https://www.coursefinder.ai/SearchProgram/CourseDetail?uid=MTk5MTQx&year=2026,Cardiff University,36 Month(s),"Jan, Apr, Jul, Oct",,"workspace_premium
Russel Group Universities (UK), speed
Faster Offer TAT, voice_over_off
No Interview Required","21 in US News Ranking, 186 in QS World Ranking, 20 in Webometrics Ranking of United Kingdom National",,No application fee
PhD,,,PhD Biological Sciences,https://www.coursefinder.ai/SearchProgram/CourseDetail?uid=MjAwMzI1&year=2026,Queen`s University Belfast,48 Month(s),Sep,,"workspace_premium
Russel Group Universities (UK), paid
Scholarship Available, voice_over_off
No Interview Required","27 in US News Ranking, 206 in QS World Ranking, 24 in Webometrics Ranking of United Kingdom National",,No application fee
PhD,,,PhD Business and Management,https://www.coursefinder.ai/SearchProgram/CourseDetail?uid=MjEwMjI3&year=2026,Queen`s University Belfast,36 Month(s),Sep,,"workspace_premium
Russel Group Universities (UK), paid
Scholarship Available, voice_over_off
No Interview Required","27 in US News Ranking, 206 in QS World Ranking, 24 in Webometrics Ranking of United Kingdom National",,No application fee
PhD,,,PhD Management,https://www.coursefinder.ai/SearchProgram/CourseDetail?uid=MTkzNzM5&year=2026,Queen`s University Belfast,48 Month(s),Sep,,"workspace_premium
Russel Group Universities (UK), paid
Scholarship Available, voice_over_off
No Interview Required","27 in US News Ranking, 206 in QS World Ranking, 24 in Webometrics Ranking of United Kingdom National",,No application fee
PhD,,,PhD Nursing and Midwifery,https://www.coursefinder.ai/SearchProgram/CourseDetail?uid=MTg5NDI1&year=2026,Queen`s University Belfast,48 Month(s),Sep,,"workspace_premium
Russel Group Universities (UK), paid
Scholarship Available, voice_over_off
No Interview Required","27 in US News Ranking, 206 in QS World Ranking, 24 in Webometrics Ranking of United Kingdom National",,No application fee
PhD,,,PhD AI-Driven Policy Enforcement for vehicular networks,https://www.coursefinder.ai/SearchProgram/CourseDetail?uid=MjA4Mzgy&year=2026,Loughborough University,36 Month(s),"Apr, Jul",,"mintmark
Low Tuition Deposit, voice_over_off
No Interview Required","40 in US News Ranking, 224 in QS World Ranking, 34 in Webometrics Ranking of United Kingdom National",,No application fee
PhD,,,PhD An investigation on human-AI interactions in complex food supply chains,https://www.coursefinder.ai/SearchProgram/CourseDetail?uid=MjA4Mzgz&year=2026,Loughborough University,36 Month(s),"Oct, Jan",,"mintmark
Low Tuition Deposit, voice_over_off
No Interview Required","40 in US News Ranking, 224 in QS World Ranking, 34 in Webometrics Ranking of United Kingdom National",,No application fee
PhD,,,PhD Analytical and computational studies of complex liquid-film flows,https://www.coursefinder.ai/SearchProgram/CourseDetail?uid=MjA4Mzg0&year=2026,Loughborough University,36 Month(s),"Oct, Jan, Apr, Jul",,"mintmark
Low Tuition Deposit, voice_over_off
No Interview Required","40 in US News Ranking, 224 in QS World Ranking, 34 in Webometrics Ranking of United Kingdom National",,No application fee
PhD,,,PhD Bespoke Organometallic Compounds for Anticancer Studies,https://www.coursefinder.ai/SearchProgram/CourseDetail?uid=MjA4Mzg1&year=2026,Loughborough University,36 Month(s),"Apr, Jul",,"mintmark
Low Tuition Deposit, voice_over_off
No Interview Required","40 in US News Ranking, 224 in QS World Ranking, 34 in Webometrics Ranking of United Kingdom National",,No application fee
PhD,,,"PhD Circular economy bonds  an initial examination of performance, riskiness and connectedness",https://www.coursefinder.ai/SearchProgram/CourseDetail?uid=MjA4Mzg2&year=2026,Loughborough University,36 Month(s),"Oct, Jan",,"mintmark
Low Tuition Deposit, voice_over_off
No Interview Required","40 in US News Ranking, 224 in QS World Ranking, 34 in Webometrics Ranking of United Kingdom National",,No application fee
PhD,,,PhD Computability and Constrained Equations in Free Semigroups,https://www.coursefinder.ai/SearchProgram/CourseDetail?uid=MjA4Mzg3&year=2026,Loughborough University,36 Month(s),"Oct, Jan, Apr, Jul",,"mintmark
Low Tuition Deposit, voice_over_off
No Interview Required","40 in US News Ranking, 224 in QS World Ranking, 34 in Webometrics Ranking of United Kingdom National",,No application fee
PhD,,,PhD Computational Modelling of Functional Molecular Materials,https://www.coursefinder.ai/SearchProgram/CourseDetail?uid=MjA4Mzg4&year=2026,Loughborough University,36 Month(s),"Oct, Jan",,"mintmark
Low Tuition Deposit, voice_over_off
No Interview Required","40 in US News Ranking, 224 in QS World Ranking, 34 in Webometrics Ranking of United Kingdom National",,No application fee
PhD,,,PhD Cryptographic primitives for symmetric cryptography,https://www.coursefinder.ai/SearchProgram/CourseDetail?uid=MjA4Mzg5&year=2026,Loughborough University,36 Month(s),"Oct, Jan, Apr, Jul",,"mintmark
Low Tuition Deposit, voice_over_off
No Interview Required","40 in US News Ranking, 224 in QS World Ranking, 34 in Webometrics Ranking of United Kingdom National",,No application fee
PhD,,,PhD Designing classroom tasks to improve students learning of mathematics,https://www.coursefinder.ai/SearchProgram/CourseDetail?uid=MjA4NDE3&year=2026,Loughborough University,36 Month(s),Apr,,"mintmark
Low Tuition Deposit, voice_over_off
No Interview Required","40 in US News Ranking, 224 in QS World Ranking, 34 in Webometrics Ranking of United Kingdom National",,No application fee
PhD,,,PhD Developing Continual Adaptive Learning Techniques for Large Language Models in Neural Information Retrieval,https://www.coursefinder.ai/SearchProgram/CourseDetail?uid=MjA4Mzkw&year=2026,Loughborough University,36 Month(s),"Oct, Jan, Apr",,"mintmark
Low Tuition Deposit, voice_over_off
No Interview Required","40 in US News Ranking, 224 in QS World Ranking, 34 in Webometrics Ranking of United Kingdom National",,No application fee
PhD,,,PhD Explainable cognitive systems as plastic dynamical systems,https://www.coursefinder.ai/SearchProgram/CourseDetail?uid=MjA4NDE5&year=2026,Loughborough University,36 Month(s),"Jan, Apr, Jul, Oct",,"mintmark
Low Tuition Deposit, voice_over_off
No Interview Required","40 in US News Ranking, 224 in QS World Ranking, 34 in Webometrics Ranking of United Kingdom National",,No application fee
PhD,,,PhD in Aeronautical and Automotive Engineering,https://www.coursefinder.ai/SearchProgram/CourseDetail?uid=MTk0ODE2&year=2026,Loughborough University,36 Month(s),"Jan, Apr, Jul, Oct",,"mintmark
Low Tuition Deposit, voice_over_off
No Interview Required","40 in US News Ranking, 224 in QS World Ranking, 34 in Webometrics Ranking of United Kingdom National",,No application fee
PhD,,,PhD in An integrated approach for damage identification in composite materials,https://www.coursefinder.ai/SearchProgram/CourseDetail?uid=MTkzOTM4&year=2026,Loughborough University,36 Month(s),"Jan, Apr, Oct",,"mintmark
Low Tuition Deposit, voice_over_off
No Interview Required","40 in US News Ranking, 224 in QS World Ranking, 34 in Webometrics Ranking of United Kingdom National",,No application fee
PhD,,,"PhD in Architecture, Building and Civil Engineering",https://www.coursefinder.ai/SearchProgram/CourseDetail?uid=MTk0ODE3&year=2026,Loughborough University,36 Month(s),"Jan, Apr, Jul, Oct",,"mintmark
Low Tuition Deposit, voice_over_off
No Interview Required","40 in US News Ranking, 224 in QS World Ranking, 34 in Webometrics Ranking of United Kingdom National",,No application fee
PhD,,,PhD in Business and Economics,https://www.coursefinder.ai/SearchProgram/CourseDetail?uid=MTk0ODE4&year=2026,Loughborough University,36 Month(s),"Jan, Apr, Jul, Oct",,"mintmark
Low Tuition Deposit, voice_over_off
No Interview Required","40 in US News Ranking, 224 in QS World Ranking, 34 in Webometrics Ranking of United Kingdom National",,No application fee
PhD,,,PhD in Chemical Engineering,https://www.coursefinder.ai/SearchProgram/CourseDetail?uid=MTk0ODE5&year=2026,Loughborough University,36 Month(s),"Jan, Apr, Jul, Oct",,"mintmark
Low Tuition Deposit, voice_over_off
No Interview Required","40 in US News Ranking, 224 in QS World Ranking, 34 in Webometrics Ranking of United Kingdom National",,No application fee
